{
  "cam_uncertain_p": {
    "rmse_xv": 290.1107662186402,
    "rmse_yv": 220.28697631281122,
    "rmse_thetav": 1.4890383216134155,
    "rmse_x": 0.42304017614897244,
    "w_mad": 1.5222604707405474
  },
  "cam_uncertain_r": {
    "rmse_xv": 53.033315074016805,
    "rmse_yv": 0.0,
    "rmse_thetav": 0.1414964828819744,
    "rmse_x": 0.0998414247398485,
    "w_mad": 0.19269092159397427
  },
  "cam_certain_p": {
    "rmse_xv": 59.27561269923378,
    "rmse_yv": 0.0,
    "rmse_thetav": 0.10157030218274209,
    "rmse_x": 0.11320604004408526,
    "w_mad": 0.06799705507143743
  },
  "cam_certain_r": {
    "rmse_xv": 59.27561269923378,
    "rmse_yv": 0.0,
    "rmse_thetav": 0.10157030218274209,
    "rmse_x": 0.11320604004408526,
    "w_mad": 0.06814090600182245
  }
}